[{"schemeId":21,"schemeName":"Default","adapterType":"freshservice","group":null,"active":true,"adapterMetadataList":[],"requestHeaders":[{"headerId":30,"headerKey":"Content-Type","headerValue":"application/json"}],"restTemplates":{"CREATE_RECORD":{"templateId":71,"operation":"CREATE_RECORD","httpVerb":"POST","restUrl":"api/v2/${Helpdesk}","specifications":{"Request":{"specId":134,"type":"Request","adapterType":null,"specType":"JOLT","status":"Active","specification":"[\n  {\n    \"operation\": \"shift\",\n    \"spec\": {\n      \"fields\": \"\"\n    }\n  },\n  {\n    \"operation\": \"remove\",\n    \"spec\": {\n      \"Helpdesk\": \"\",\n      \"\": \"\"\n    }\n  },\n  {\n    \"operation\": \"modify-overwrite-beta\",\n    \"spec\": {\n      \"cc_emails\": \"=toList\",\n      \"fwd_emails\": \"=toList\",\n      \"bcc_emails\": \"=toList\",\n      \"fr_escalated\": \"=toBoolean\",\n      \"spam\": \"=toBoolean\",\n      \"group_id\": \"=toInteger\",\n      \"priority\": \"=toInteger\",\n      \"requester_id\": \"=toInteger\",\n      \"responder_id\": \"=toInteger\",\n      \"source\": \"=toInteger\",\n      \"status\": \"=toInteger\",\n      \"department_id\": \"=toInteger\",\n      \"is_escalated\": \"=toBoolean\",\n      \"urgency\": \"=toInteger\",\n      \"impact\": \"=toInteger\"\n    }\n  }\n ]\n","samplePayload":"{\n  \"fields\": {\n    \"summary\": \"Test for API creation 2\",\n    \"description\": \"Test for API creation 2\",\n    \"priority\": \"1\",\n    \"modifiedTime\": \"01-04-2019 11:46:30.124\",\n    \"severity\": \"2\",\n    \"status\": \"Open\"\n  }\n}","statusCode":2,"contentAvailable":true},"Response":{"specId":133,"type":"Response","adapterType":null,"specType":"JOLT","status":"Active","specification":"[\n  {\n    \"operation\": \"shift\",\n    \"spec\": {\n      \"ticket\": {\n        \"id\": \"&\",\n        \"cc_emails\": \"fields.&\",\n        \"fwd_emails\": \"fields.&\",\n        \"reply_cc_emails\": \"fields.&\",\n        \"bcc_emails\": \"fields.&\",\n        \"fr_escalated\": \"fields.&\",\n        \"spam\": \"fields.&\",\n        \"group_id\": \"fields.&\",\n        \"priority\": \"fields.&\",\n        \"requester_id\": \"fields.&\",\n        \"responder_id\": \"fields.&\",\n        \"source\": \"fields.&\",\n        \"status\": \"fields.&\",\n        \"subject\": \"fields.&\",\n        \"to_email\": \"fields.&\",\n        \"department_id\": \"fields.&\",\n        \"type\": \"fields.&\",\n        \"due_by\": \"fields.&\",\n        \"fr_due_by\": \"fields.&\",\n        \"is_escalated\": \"fields.&\",\n        \"description\": \"fields.&\",\n        \"description_text\": \"fields.&\",\n        \"created_at\": \"fields.&\",\n        \"updated_at\": \"fields.&\",\n        \"urgency\": \"fields.&\",\n        \"impact\": \"fields.&\",\n        \"category\": \"fields.&\",\n        \"sub_category\": \"fields.&\",\n        \"item_category\": \"fields.&\"\n      }\n    }\n  },\n  {\n    \"operation\": \"modify-overwrite-beta\",\n    \"spec\": {\n      \"id\": \"=toString\"\n    }\n  }\n ]\n","samplePayload":"{\n  \"ticket\": {\n    \"cc_emails\": [\n      \"ravi@freshservice.com\",\n      \"kumar@freshservice.com\"\n    ],\n    \"fwd_emails\": [],\n    \"reply_cc_emails\": [\n      \"ravi@freshservice.com\",\n      \"kumar@freshservice.com\"\n    ],\n    \"fr_escalated\": false,\n    \"spam\": false,\n    \"email_config_id\": null,\n    \"group_id\": null,\n    \"priority\": 1,\n    \"requester_id\": 21000728992,\n    \"requested_for_id\": 21000728992,\n    \"responder_id\": null,\n    \"source\": 2,\n    \"status\": 3,\n    \"subject\": \"Wednesday Ticket Afternoon\",\n    \"to_emails\": null,\n    \"department_id\": null,\n    \"id\": 8,\n    \"type\": \"Incident\",\n    \"due_by\": \"2022-10-28T21:00:00Z\",\n    \"fr_due_by\": \"2022-10-21T18:00:00Z\",\n    \"is_escalated\": false,\n    \"description\": \"<div>Fourth Ticket Created at 16:00</div>\",\n    \"description_text\": \"Fourth Ticket Created at 16:00\",\n    \"category\": null,\n    \"sub_category\": null,\n    \"item_category\": null,\n    \"custom_fields\": {},\n    \"created_at\": \"2022-10-19T10:30:03Z\",\n    \"updated_at\": \"2022-10-19T10:30:03Z\",\n    \"tags\": [],\n    \"attachments\": []\n  }\n}","statusCode":2,"contentAvailable":true}}},"QUERY_RECORD_BY_ID":{"templateId":69,"operation":"QUERY_RECORD_BY_ID","httpVerb":"GET","restUrl":"api/v2/${Helpdesk}/${recordId}","specifications":{"Request":{"specId":130,"type":"Request","adapterType":null,"specType":null,"status":"Active","specification":null,"samplePayload":null,"statusCode":2,"contentAvailable":false},"Response":{"specId":129,"type":"Response","adapterType":null,"specType":"JOLT","status":"Active","specification":"[\n  {\n    \"operation\": \"shift\",\n    \"spec\": {\n      \"ticket\": {\n        \"id\": \"&\",\n        \"cc_emails\": \"fields.&\",\n        \"fwd_emails\": \"fields.&\",\n        \"reply_cc_emails\": \"fields.&\",\n        \"bcc_emails\": \"fields.&\",\n        \"fr_escalated\": \"fields.&\",\n        \"spam\": \"fields.&\",\n        \"group_id\": \"fields.&\",\n        \"priority\": \"fields.&\",\n        \"requester_id\": \"fields.&\",\n        \"responder_id\": \"fields.&\",\n        \"source\": \"fields.&\",\n        \"status\": \"fields.&\",\n        \"subject\": \"fields.&\",\n        \"to_email\": \"fields.&\",\n        \"department_id\": \"fields.&\",\n        \"type\": \"fields.&\",\n        \"due_by\": \"fields.&\",\n        \"fr_due_by\": \"fields.&\",\n        \"is_escalated\": \"fields.&\",\n        \"description\": \"fields.&\",\n        \"description_text\": \"fields.&\",\n        \"created_at\": \"fields.&\",\n        \"updated_at\": \"fields.&\",\n        \"urgency\": \"fields.&\",\n        \"impact\": \"fields.&\",\n        \"category\": \"fields.&\",\n        \"sub_category\": \"fields.&\",\n        \"item_category\": \"fields.&\"\n      }\n    }\n  },\n  {\n    \"operation\": \"modify-overwrite-beta\",\n    \"spec\": {\n      \"id\": \"=toString\"\n    }\n  }\n ]\n","samplePayload":"{\n  \"ticket\": {\n    \"cc_emails\": [\n      \"ravi@freshservice.com\",\n      \"kumar@freshservice.com\"\n    ],\n    \"fwd_emails\": [],\n    \"reply_cc_emails\": [\n      \"ravi@freshservice.com\",\n      \"kumar@freshservice.com\"\n    ],\n    \"bcc_emails\": null,\n    \"fr_escalated\": true,\n    \"spam\": false,\n    \"email_config_id\": null,\n    \"group_id\": 21000305417,\n    \"priority\": 4,\n    \"requester_id\": 21000728992,\n    \"requested_for_id\": 21000728992,\n    \"responder_id\": null,\n    \"source\": 2,\n    \"status\": 2,\n    \"subject\": \"Support Needed...\",\n    \"to_emails\": null,\n    \"sla_policy_id\": 21000093894,\n    \"applied_business_hours\": 21000019191,\n    \"department_id\": 21000161507,\n    \"id\": 7,\n    \"type\": \"Incident\",\n    \"due_by\": \"2022-10-18T16:00:43Z\",\n    \"fr_due_by\": \"2022-10-18T13:00:00Z\",\n    \"is_escalated\": true,\n    \"description\": \"<div>Third Ticket Created at 13:42</div>\",\n    \"description_text\": \"Third Ticket Created at 13:42\",\n    \"custom_fields\": {},\n    \"created_at\": \"2022-10-18T08:10:04Z\",\n    \"updated_at\": \"2022-10-18T14:04:43Z\",\n    \"urgency\": 3,\n    \"impact\": 3,\n    \"category\": \"Network\",\n    \"sub_category\": \"Access\",\n    \"item_category\": null,\n    \"deleted\": false,\n    \"attachments\": [],\n    \"created_within_business_hours\": false\n  }\n}","statusCode":2,"contentAvailable":true}}},"QUERY_COMMENTS":{"templateId":76,"operation":"QUERY_COMMENTS","httpVerb":"GET","restUrl":"api/v2/${Helpdesk}/${recordId}/conversations","specifications":{"Request":{"specId":143,"type":"Request","adapterType":null,"specType":null,"status":"Active","specification":null,"samplePayload":null,"statusCode":2,"contentAvailable":false},"Response":{"specId":144,"type":"Response","adapterType":null,"specType":"JOLT","status":"Active","specification":"[\n  {\n    \"operation\": \"shift\",\n    \"spec\": {\n      \"conversations\": {\n        \"*\": {\n          \"id\": \"comments[&1].commentId\",\n          \"created_at\": \"comments[&1].createdDate\",\n          \"updated_at\": \"comments[&1].updatedDate\",\n          \"user_id\": \"comments[&1].commentAuthor\",\n          \"body\": \"comments[&1].commentBody\",\n          \"private\": \"comments[&1].commentVisibility\"\n        }\n      }\n    }\n  },\n  {\n    \"operation\": \"shift\",\n    \"spec\": {\n      \"comments\": {\n        \"*\": {\n          \"*\": \"comments[&1].&\",\n          \"commentVisibility\": {\n            \"true\": {\n              \"#false\": \"comments[&3].commentVisibility\"\n            },\n            \"false\": {\n              \"#true\": \"comments[&3].commentVisibility\"\n            }\n          }\n        }\n      }\n    }\n  },\n  {\n    \"operation\": \"modify-overwrite-beta\",\n    \"spec\": {\n      \"comments\": {\n        \"*\": {\n          \"commentId\": \"=toString\",\n          \"commentAuthor\": \"=toString\",\n          \"commentVisibility\": \"=toBoolean\"\n        }\n      }\n    }\n  },\n  {\n    \"operation\": \"default\",\n    \"spec\": {\n      \"comments\": []\n    }\n  }\n ]\n","samplePayload":"{\n  \"conversations\": [\n    {\n      \"id\": 21002761116,\n      \"user_id\": 21000728992,\n      \"to_emails\": [],\n      \"body\": \"<div style='font-size: 14px; font-family: -apple-system, BlinkMacSystemFont, \\\"Segoe UI\\\", Roboto, \\\"Helvetica Neue\\\", Arial, sans-serif;'>\\n<div>Hi there is it October 20 10:27pm?</div>\\n</div>\",\n      \"body_text\": \"Hi there is it October 20 10:27pm?\",\n      \"ticket_id\": 16,\n      \"created_at\": \"2022-10-20T16:57:42Z\",\n      \"updated_at\": \"2022-10-20T16:57:42Z\",\n      \"incoming\": false,\n      \"private\": true,\n      \"support_email\": null,\n      \"source\": 2,\n      \"from_email\": null,\n      \"cc_emails\": [],\n      \"bcc_emails\": null,\n      \"attachments\": []\n    },\n    {\n      \"id\": 21002761097,\n      \"user_id\": 21000728992,\n      \"to_emails\": [],\n      \"body\": \"<div style='font-size: 14px; font-family: -apple-system, BlinkMacSystemFont, \\\"Segoe UI\\\", Roboto, \\\"Helvetica Neue\\\", Arial, sans-serif;'>\\n<div>Hi there Is it OCtober 20 10:26pm?</div>\\n</div>\",\n      \"body_text\": \"Hi there Is it OCtober 20 10:26pm?\",\n      \"ticket_id\": 16,\n      \"created_at\": \"2022-10-20T16:56:58Z\",\n      \"updated_at\": \"2022-10-20T16:56:58Z\",\n      \"incoming\": false,\n      \"private\": false,\n      \"support_email\": null,\n      \"source\": 2,\n      \"from_email\": null,\n      \"cc_emails\": [],\n      \"bcc_emails\": null,\n      \"attachments\": []\n    }\n  ],\n  \"meta\": {\n    \"count\": 2\n  }\n}","statusCode":2,"contentAvailable":true}}},"SAVE_COMMENTS":{"templateId":77,"operation":"SAVE_COMMENTS","httpVerb":"POST","restUrl":"api/v2/${Helpdesk}/${recordId}/notes","specifications":{"Request":{"specId":145,"type":"Request","adapterType":null,"specType":"JOLT","status":"Active","specification":"[\n  {\n    \"operation\": \"shift\",\n    \"spec\": {\n      \"comment\": {\n        \"commentBody\": \"body\",\n        \"commentVisibility\": \"private\"\n      }\n    }\n  },\n  {\n    \"operation\": \"shift\",\n    \"spec\": {\n      \"body\": \"&\",\n      \"private\": {\n        \"public\": {\n          \"#false\": \"private\"\n        },\n        \"private\": {\n          \"#true\": \"private\"\n        }\n      }\n    }\n  },\n  {\n    \"operation\": \"modify-overwrite-beta\",\n    \"spec\": {\n      \"private\": \"=toBoolean\"\n    }\n  }\n  ]\n","samplePayload":"{\n  \"id\": \"DEMO-123\",\n  \"metadata\": {\n    \"issuetype\": \"101002\",\n    \"project\": \"DEMO\",\n    \"issuetype_Name\": \"New Feature\",\n    \"project_Name\": \"Demo Project\"\n  },\n  \"comment\": {\n    \"commentId\": \"10038\",\n    \"commentAuthor\": \"admin\",\n    \"commentBody\": \"test comment\",\n    \"commentVisibility\": \"private\",\n    \"createdDate\": \"2022-03-17T18:10:22.857Z\",\n    \"updatedDate\": \"2022-03-17T18:10:22.857Z\"\n  }\n}","statusCode":2,"contentAvailable":true},"Response":{"specId":146,"type":"Response","adapterType":null,"specType":"JOLT","status":"Active","specification":"[\n  {\n    \"operation\": \"shift\",\n    \"spec\": {\n      \"conversation\": {\n        \"id\": \"commentId\",\n        \"user_id\": \"commentAuthor\",\n        \"body\": \"commentBody\",\n        \"created_at\": \"createdDate\",\n        \"updated_at\": \"updatedDate\",\n        \"private\": \"commentVisibility\"\n      }\n    }\n  },\n  {\n    \"operation\": \"shift\",\n    \"spec\": {\n      \"commentId\": \"&\",\n      \"commentAuthor\": \"&\",\n      \"commentBody\": \"&\",\n      \"createdDate\": \"&\",\n      \"updatedDate\": \"&\",\n      \"commentVisibility\": {\n        \"false\": {\n          \"#true\": \"commentVisibility\"\n        },\n        \"true\": {\n          \"#false\": \"commentVisibility\"\n        }\n      }\n    }\n  },\n  {\n    \"operation\": \"modify-overwrite-beta\",\n    \"spec\": {\n      \"commentId\": \"=toString\",\n      \"commentAuthor\": \"=toString\",\n      \"commentVisibility\": \"=toBoolean\"\n    }\n  }\n  ]\n","samplePayload":"{\n  \"conversation\": {\n    \"id\": 21002761510,\n    \"user_id\": 21000728992,\n    \"to_emails\": [],\n    \"body\": \"<div>Hi tom, Still Angry</div>\",\n    \"body_text\": \"Hi tom, Still Angry\",\n    \"ticket_id\": 16,\n    \"created_at\": \"2022-10-20T17:17:32Z\",\n    \"updated_at\": \"2022-10-20T17:17:32Z\",\n    \"incoming\": false,\n    \"private\": false,\n    \"support_email\": null,\n    \"attachments\": []\n  }\n}","statusCode":2,"contentAvailable":true}}},"QUERY_MODIFIED_RECORDS":{"templateId":68,"operation":"QUERY_MODIFIED_RECORDS","httpVerb":"GET","restUrl":"api/v2/${Helpdesk}?updated_since=${last-modified-time}","specifications":{"Request":{"specId":128,"type":"Request","adapterType":null,"specType":null,"status":"Active","specification":null,"samplePayload":null,"statusCode":2,"contentAvailable":false},"Response":{"specId":127,"type":"Response","adapterType":null,"specType":"JOLT","status":"Active","specification":"[\n  {\n    \"operation\": \"shift\",\n    \"spec\": {\n      \"tickets\": {\n        \"*\": {\n          \"id\": \"result.[&1].&\",\n          \"subject\": \"result.[&1].fields.&\",\n          \"group_id\": \"result.[&1].fields.&\",\n          \"department_id\": \"result.[&1].fields.&\",\n          \"category\": \"result.[&1].fields.&\",\n          \"sub_category\": \"result.[&1].fields.&\",\n          \"item_category\": \"result.[&1].fields.&\",\n          \"due_by\": \"result.[&1].fields.&\",\n          \"fr_escalated\": \"result.[&1].fields.&\",\n          \"spam\": \"result.[&1].fields.&\",\n          \"fwd_emails\": \"result.[&1].fields.&\",\n          \"reply_cc_emails\": \"result.[&1].fields.&\",\n          \"cc_emails\": \"result.[&1].fields.&\",\n          \"is_escalated\": \"result.[&1].fields.&\",\n          \"fr_due_by\": \"result.[&1].fields.&\",\n          \"priority\": \"result.[&1].fields.&\",\n          \"source\": \"result.[&1].fields.&\",\n          \"status\": \"result.[&1].fields.&\",\n          \"created_at\": \"result.[&1].fields.&\",\n          \"updated_at\": \"result.[&1].fields.&\",\n          \"to_emails\": \"result.[&1].fields.&\",\n          \"description\": \"result.[&1].fields.&\",\n          \"description_text\": \"result.[&1].fields.&\"\n        }\n      }\n    }\n  },\n  {\n    \"operation\": \"modify-overwrite-beta\",\n    \"spec\": {\n      \"totalrecords\": \"=size(@(1,result))\",\n      \"result\": {\n        \"*\": {\n          \"id\": \"=toString\"\n        }\n      }\n    }\n  },\n  {\n    \"operation\": \"shift\",\n    \"spec\": {\n      \"totalrecords\": \"&\",\n      \"result\": {\n        \"*\": {\n          \"id\": \"result.[&1].&\",\n          \"fields\": \"result.[&1].&\"\n        }\n      }\n    }\n  },\n  {\n    \"operation\": \"default\",\n    \"spec\": {\n      \"result\": []\n    }\n   }\n ]\n","samplePayload":"{\n  \"tickets\": [\n    {\n      \"subject\": \"Support Needed...\",\n      \"group_id\": 21000305417,\n      \"department_id\": 21000161507,\n      \"category\": \"Network\",\n      \"sub_category\": \"Access\",\n      \"item_category\": null,\n      \"requester_id\": 21000728992,\n      \"responder_id\": null,\n      \"due_by\": \"2022-10-18T16:00:43Z\",\n      \"fr_escalated\": true,\n      \"deleted\": false,\n      \"spam\": false,\n      \"email_config_id\": null,\n      \"fwd_emails\": [],\n      \"reply_cc_emails\": [\n        \"ravi@freshservice.com\",\n        \"kumar@freshservice.com\"\n      ],\n      \"cc_emails\": [\n        \"ravi@freshservice.com\",\n        \"kumar@freshservice.com\"\n      ],\n      \"is_escalated\": true,\n      \"fr_due_by\": \"2022-10-18T13:00:00Z\",\n      \"priority\": 4,\n      \"source\": 2,\n      \"status\": 2,\n      \"created_at\": \"2022-10-18T08:10:04Z\",\n      \"updated_at\": \"2022-10-18T14:04:43Z\",\n      \"requested_for_id\": 21000728992,\n      \"to_emails\": null,\n      \"id\": 7,\n      \"type\": \"Incident\",\n      \"description\": \"<div>Third Ticket Created at 13:42</div>\",\n      \"description_text\": \"Third Ticket Created at 13:42\"\n    },\n    {\n      \"subject\": \"Support Needed...\",\n      \"group_id\": null,\n      \"department_id\": null,\n      \"category\": null,\n      \"sub_category\": null,\n      \"item_category\": null,\n      \"requester_id\": 21000728992,\n      \"responder_id\": null,\n      \"due_by\": \"2022-10-27T21:00:00Z\",\n      \"fr_escalated\": false,\n      \"deleted\": false,\n      \"spam\": false,\n      \"email_config_id\": null,\n      \"fwd_emails\": [],\n      \"reply_cc_emails\": [\n        \"ravi@freshservice.com\",\n        \"kumar@freshservice.com\"\n      ],\n      \"cc_emails\": [\n        \"ravi@freshservice.com\",\n        \"kumar@freshservice.com\"\n      ],\n      \"is_escalated\": false,\n      \"fr_due_by\": \"2022-10-20T18:00:00Z\",\n      \"priority\": 1,\n      \"source\": 2,\n      \"status\": 2,\n      \"created_at\": \"2022-10-18T08:08:43Z\",\n      \"updated_at\": \"2022-10-18T08:08:43Z\",\n      \"requested_for_id\": 21000728992,\n      \"to_emails\": null,\n      \"id\": 6,\n      \"type\": \"Incident\",\n      \"description\": \"<div>Second Ticket Created at 13:40</div>\",\n      \"description_text\": \"Second Ticket Created at 13:40\"\n    },\n    {\n      \"subject\": \"Support Needed...\",\n      \"group_id\": null,\n      \"department_id\": null,\n      \"category\": null,\n      \"sub_category\": null,\n      \"item_category\": null,\n      \"requester_id\": 21000731572,\n      \"responder_id\": null,\n      \"due_by\": \"2022-10-27T21:00:00Z\",\n      \"fr_escalated\": false,\n      \"deleted\": false,\n      \"spam\": false,\n      \"email_config_id\": null,\n      \"fwd_emails\": [],\n      \"reply_cc_emails\": [\n        \"ram@freshservice.com\",\n        \"diana@freshservice.com\"\n      ],\n      \"cc_emails\": [\n        \"ram@freshservice.com\",\n        \"diana@freshservice.com\"\n      ],\n      \"is_escalated\": false,\n      \"fr_due_by\": \"2022-10-20T18:00:00Z\",\n      \"priority\": 1,\n      \"source\": 2,\n      \"status\": 2,\n      \"created_at\": \"2022-10-18T08:03:44Z\",\n      \"updated_at\": \"2022-10-18T08:03:44Z\",\n      \"requested_for_id\": 21000731572,\n      \"to_emails\": null,\n      \"id\": 5,\n      \"type\": \"Incident\",\n      \"description\": \"<div>Details about the issue...</div>\",\n      \"description_text\": \"Details about the issue...\"\n    },\n    {\n      \"subject\": \"Where can I find more information about employee health benefits?\",\n      \"group_id\": null,\n      \"department_id\": null,\n      \"category\": null,\n      \"sub_category\": null,\n      \"item_category\": null,\n      \"requester_id\": 21000728994,\n      \"responder_id\": null,\n      \"due_by\": \"2022-10-27T14:07:10Z\",\n      \"fr_escalated\": false,\n      \"deleted\": false,\n      \"spam\": false,\n      \"email_config_id\": null,\n      \"fwd_emails\": [],\n      \"reply_cc_emails\": [],\n      \"cc_emails\": [],\n      \"is_escalated\": false,\n      \"fr_due_by\": \"2022-10-19T20:07:10Z\",\n      \"priority\": 1,\n      \"source\": 2,\n      \"status\": 2,\n      \"created_at\": \"2022-10-17T14:07:09Z\",\n      \"updated_at\": \"2022-10-17T14:07:09Z\",\n      \"requested_for_id\": 21000728994,\n      \"to_emails\": null,\n      \"id\": 4,\n      \"type\": \"Incident\",\n      \"description\": \"\",\n      \"description_text\": \"\"\n    },\n    {\n      \"subject\": \"Request for Andrea : Dell Monitor\",\n      \"group_id\": null,\n      \"department_id\": null,\n      \"category\": null,\n      \"sub_category\": null,\n      \"item_category\": null,\n      \"requester_id\": 21000728993,\n      \"responder_id\": null,\n      \"due_by\": \"2022-10-19T20:06:29Z\",\n      \"fr_escalated\": true,\n      \"deleted\": false,\n      \"spam\": false,\n      \"email_config_id\": null,\n      \"fwd_emails\": [],\n      \"reply_cc_emails\": [],\n      \"cc_emails\": [],\n      \"is_escalated\": false,\n      \"fr_due_by\": \"2022-10-18T13:06:29Z\",\n      \"priority\": 2,\n      \"source\": 2,\n      \"status\": 2,\n      \"created_at\": \"2022-10-17T14:06:28Z\",\n      \"updated_at\": \"2022-10-17T14:06:28Z\",\n      \"requested_for_id\": 21000728993,\n      \"to_emails\": null,\n      \"id\": 3,\n      \"type\": \"Service Request\",\n      \"description\": \"\",\n      \"description_text\": \"\"\n    },\n    {\n      \"subject\": \"Request for Andrea : Logitech Wireless Mouse\",\n      \"group_id\": null,\n      \"department_id\": null,\n      \"category\": null,\n      \"sub_category\": null,\n      \"item_category\": null,\n      \"requester_id\": 21000728993,\n      \"responder_id\": null,\n      \"due_by\": \"2022-10-19T20:06:27Z\",\n      \"fr_escalated\": true,\n      \"deleted\": false,\n      \"spam\": false,\n      \"email_config_id\": null,\n      \"fwd_emails\": [],\n      \"reply_cc_emails\": [],\n      \"cc_emails\": [],\n      \"is_escalated\": false,\n      \"fr_due_by\": \"2022-10-18T13:06:27Z\",\n      \"priority\": 2,\n      \"source\": 2,\n      \"status\": 2,\n      \"created_at\": \"2022-10-17T14:06:27Z\",\n      \"updated_at\": \"2022-10-17T14:06:27Z\",\n      \"requested_for_id\": 21000728993,\n      \"to_emails\": null,\n      \"id\": 2,\n      \"type\": \"Service Request\",\n      \"description\": \"\",\n      \"description_text\": \"\"\n    },\n    {\n      \"subject\": \"What’s wrong with my email?\",\n      \"group_id\": null,\n      \"department_id\": null,\n      \"category\": null,\n      \"sub_category\": null,\n      \"item_category\": null,\n      \"requester_id\": 21000728993,\n      \"responder_id\": null,\n      \"due_by\": \"2022-10-27T14:00:37Z\",\n      \"fr_escalated\": false,\n      \"deleted\": false,\n      \"spam\": false,\n      \"email_config_id\": null,\n      \"fwd_emails\": [],\n      \"reply_cc_emails\": [],\n      \"cc_emails\": [],\n      \"is_escalated\": false,\n      \"fr_due_by\": \"2022-10-19T20:00:37Z\",\n      \"priority\": 1,\n      \"source\": 2,\n      \"status\": 2,\n      \"created_at\": \"2022-10-17T14:00:37Z\",\n      \"updated_at\": \"2022-10-17T14:00:37Z\",\n      \"requested_for_id\": 21000728993,\n      \"to_emails\": null,\n      \"id\": 1,\n      \"type\": \"Incident\",\n      \"description\": \"<div>Hi Team,<br/> <br/>I have been unable to send any emails since this morning. What’s going on?<br/><br/>Regards,<br/> Andrea </div>\",\n      \"description_text\": \"Hi Team, I have been unable to send any emails since this morning. What’s going on? Regards, Andrea\"\n    }\n  ],\n  \"total\": 7\n}","statusCode":2,"contentAvailable":true}}},"UPDATE_RECORD":{"templateId":70,"operation":"UPDATE_RECORD","httpVerb":"PUT","restUrl":"api/v2/${Helpdesk}/${recordId}","specifications":{"Request":{"specId":132,"type":"Request","adapterType":null,"specType":"JOLT","status":"Active","specification":"[\n  {\n    \"operation\": \"shift\",\n    \"spec\": {\n      \"fields\": \"\"\n    }\n  },\n  {\n    \"operation\": \"remove\",\n    \"spec\": {\n      \"id\": \"\",\n      \"Helpdesk\": \"\",\n      \"\": \"\"\n    }\n  },\n  {\n    \"operation\": \"modify-overwrite-beta\",\n    \"spec\": {\n      \"cc_emails\": \"=toList\",\n      \"fwd_emails\": \"=toList\",\n      \"bcc_emails\": \"=toList\",\n      \"fr_escalated\": \"=toBoolean\",\n      \"spam\": \"=toBoolean\",\n      \"group_id\": \"=toInteger\",\n      \"priority\": \"=toInteger\",\n      \"requester_id\": \"=toInteger\",\n      \"responder_id\": \"=toInteger\",\n      \"source\": \"=toInteger\",\n      \"status\": \"=toInteger\",\n      \"department_id\": \"=toInteger\",\n      \"is_escalated\": \"=toBoolean\",\n      \"urgency\": \"=toInteger\",\n      \"impact\": \"=toInteger\"\n    }\n  }\n ]\n","samplePayload":"{\n  \"id\": \"TP-4\",\n  \"fields\": {\n    \"summary\": \"Test for API creation 2\",\n    \"description\": \"Test for API creation 2\",\n    \"assignee\": \"admin\",\n    \"priority\": \"1\",\n    \"reporter\": \"admin\"\n  }\n}","statusCode":2,"contentAvailable":true},"Response":{"specId":131,"type":"Response","adapterType":null,"specType":"JOLT","status":"Active","specification":"[\n  {\n    \"operation\": \"shift\",\n    \"spec\": {\n      \"ticket\": {\n        \"id\": \"&\",\n        \"cc_emails\": \"fields.&\",\n        \"fwd_emails\": \"fields.&\",\n        \"reply_cc_emails\": \"fields.&\",\n        \"bcc_emails\": \"fields.&\",\n        \"fr_escalated\": \"fields.&\",\n        \"spam\": \"fields.&\",\n        \"group_id\": \"fields.&\",\n        \"priority\": \"fields.&\",\n        \"requester_id\": \"fields.&\",\n        \"responder_id\": \"fields.&\",\n        \"source\": \"fields.&\",\n        \"status\": \"fields.&\",\n        \"subject\": \"fields.&\",\n        \"to_email\": \"fields.&\",\n        \"department_id\": \"fields.&\",\n        \"type\": \"fields.&\",\n        \"due_by\": \"fields.&\",\n        \"fr_due_by\": \"fields.&\",\n        \"is_escalated\": \"fields.&\",\n        \"description\": \"fields.&\",\n        \"description_text\": \"fields.&\",\n        \"created_at\": \"fields.&\",\n        \"updated_at\": \"fields.&\",\n        \"urgency\": \"fields.&\",\n        \"impact\": \"fields.&\",\n        \"category\": \"fields.&\",\n        \"sub_category\": \"fields.&\",\n        \"item_category\": \"fields.&\"\n      }\n    }\n  },\n  {\n    \"operation\": \"modify-overwrite-beta\",\n    \"spec\": {\n      \"id\": \"=toString\"\n    }\n  }\n ]\n","samplePayload":"{\n    \"ticket\": {\n        \"cc_emails\": [\n            \"ravi@freshservice.com\",\n            \"kumar@freshservice.com\"\n        ],\n        \"fwd_emails\": [],\n        \"reply_cc_emails\": [\n            \"ravi@freshservice.com\",\n            \"kumar@freshservice.com\"\n        ],\n        \"spam\": false,\n        \"email_config_id\": null,\n        \"fr_escalated\": false,\n        \"group_id\": null,\n        \"priority\": 1,\n        \"requester_id\": 21000728992,\n        \"requested_for_id\": 21000728992,\n        \"responder_id\": null,\n        \"source\": 2,\n        \"status\": 3,\n        \"subject\": \"Wednesday Ticket Afternoon\",\n        \"description\": \"<div>Fourth Ticket Created at 16:00</div>\",\n        \"description_text\": \"Fourth Ticket Created at 16:00\",\n        \"category\": null,\n        \"sub_category\": null,\n        \"item_category\": null,\n        \"custom_fields\": {},\n        \"id\": 8,\n        \"type\": \"Incident\",\n        \"to_emails\": null,\n        \"department_id\": null,\n        \"is_escalated\": false,\n        \"tags\": [],\n        \"due_by\": \"2022-10-28T21:00:00Z\",\n        \"fr_due_by\": \"2022-10-21T18:00:00Z\",\n        \"created_at\": \"2022-10-19T10:30:03Z\",\n        \"updated_at\": \"2022-10-19T10:30:03Z\",\n        \"attachments\": []\n    }\n}","statusCode":2,"contentAvailable":true}}}},"default":true}]