{"version":null,"displayName":"FreshService","type":"freshservice","logo":"FreshServiceLogo.webp","logoSmall":"FreshService_Icon.png","metadata":[{"name":"Helpdesk","dependent":false,"dependentMetadata":null,"values":[{"id":"tickets","name":"Ticket","attributeName":null,"referenceType":null,"dependents":null,"attributes":null,"regex":false},{"id":"problems","name":"Problem","attributeName":null,"referenceType":null,"dependents":null,"attributes":null,"regex":false},{"id":"changes","name":"Change","attributeName":null,"referenceType":null,"dependents":null,"attributes":null,"regex":false}]}],"fields":[{"id":"agent_id","name":"agent_id","datatype":"Number","values":null},{"id":"responder_id","name":"responder_id","datatype":"Number","values":null},{"id":"sub_category","name":"sub_category","datatype":"String","values":null},{"id":"subject","name":"subject","datatype":"String","values":null},{"id":"due_by","name":"due_by","datatype":"Datetime","values":null},{"id":"description","name":"description","datatype":"Html","values":null},{"id":"fr_escalated","name":"fr_escalated","datatype":"Boolean","values":null},{"id":"created_at","name":"created_at","datatype":"Datetime","values":null},{"id":"change_type","name":"change_type","datatype":"Number","values":[{"id":"1","name":"Minor","attributeName":null,"referenceType":null,"dependents":null,"attributes":null,"regex":false},{"id":"2","name":"Standard","attributeName":null,"referenceType":null,"dependents":null,"attributes":null,"regex":false},{"id":"3","name":"Major","attributeName":null,"referenceType":null,"dependents":null,"attributes":null,"regex":false},{"id":"4","name":"Emergency","attributeName":null,"referenceType":null,"dependents":null,"attributes":null,"regex":false}]},{"id":"source","name":"source","datatype":"Number","values":[{"id":"1","name":"Email","attributeName":null,"referenceType":null,"dependents":null,"attributes":null,"regex":false},{"id":"2","name":"Portal","attributeName":null,"referenceType":null,"dependents":null,"attributes":null,"regex":false},{"id":"3","name":"Phone","attributeName":null,"referenceType":null,"dependents":null,"attributes":null,"regex":false},{"id":"4","name":"Chat","attributeName":null,"referenceType":null,"dependents":null,"attributes":null,"regex":false},{"id":"5","name":"Feedback widget","attributeName":null,"referenceType":null,"dependents":null,"attributes":null,"regex":false},{"id":"6","name":"Yammer","attributeName":null,"referenceType":null,"dependents":null,"attributes":null,"regex":false},{"id":"7","name":"AWS Cloudwatch","attributeName":null,"referenceType":null,"dependents":null,"attributes":null,"regex":false},{"id":"8","name":"Pagerduty","attributeName":null,"referenceType":null,"dependents":null,"attributes":null,"regex":false},{"id":"9","name":"Walkup","attributeName":null,"referenceType":null,"dependents":null,"attributes":null,"regex":false},{"id":"10","name":"Slack","attributeName":null,"referenceType":null,"dependents":null,"attributes":null,"regex":false}]},{"id":"type","name":"type","datatype":"String","values":null},{"id":"Comments","name":"Comments","datatype":"String","values":null},{"id":"item_category","name":"item_category","datatype":"String","values":null},{"id":"updated_at","name":"updated_at","datatype":"Datetime","values":null},{"id":"cc_emails","name":"cc_emails","datatype":"String","values":null},{"id":"urgency","name":"urgency","datatype":"Number","values":null},{"id":"id","name":"id","datatype":"String","values":null},{"id":"email","name":"email","datatype":"String","values":null},{"id":"email_config_id","name":"email_config_id","datatype":"Number","values":null},{"id":"department_id","name":"department_id","datatype":"Number","values":null},{"id":"impact","name":"impact","datatype":"Number","values":null},{"id":"fr_due_by","name":"fr_due_by","datatype":"Datetime","values":null},{"id":"priority","name":"priority","datatype":"Number","values":[{"id":"1","name":"Low","attributeName":null,"referenceType":null,"dependents":null,"attributes":null,"regex":false},{"id":"2","name":"Medium","attributeName":null,"referenceType":null,"dependents":null,"attributes":null,"regex":false},{"id":"3","name":"High","attributeName":null,"referenceType":null,"dependents":null,"attributes":null,"regex":false},{"id":"4","name":"Urgent","attributeName":null,"referenceType":null,"dependents":null,"attributes":null,"regex":false}]},{"id":"tags","name":"tags","datatype":"String","values":null},{"id":"is_escalated","name":"is_escalated","datatype":"Boolean","values":null},{"id":"phone","name":"phone","datatype":"String","values":null},{"id":"group_id","name":"group_id","datatype":"Number","values":null},{"id":"name","name":"name","datatype":"String","values":null},{"id":"risk","name":"risk","datatype":"Number","values":[{"id":"1","name":"Low","attributeName":null,"referenceType":null,"dependents":null,"attributes":null,"regex":false},{"id":"2","name":"Medium","attributeName":null,"referenceType":null,"dependents":null,"attributes":null,"regex":false},{"id":"3","name":"High","attributeName":null,"referenceType":null,"dependents":null,"attributes":null,"regex":false},{"id":"4","name":"Very High","attributeName":null,"referenceType":null,"dependents":null,"attributes":null,"regex":false}]},{"id":"category","name":"category","datatype":"String","values":null},{"id":"spam","name":"spam","datatype":"Boolean","values":null},{"id":"requester_id","name":"requester_id","datatype":"Number","values":null},{"id":"status","name":"Ticket Status","datatype":"Number","values":[{"id":"2","name":"Open","attributeName":null,"referenceType":null,"dependents":null,"attributes":null,"regex":false},{"id":"3","name":"Pending","attributeName":null,"referenceType":null,"dependents":null,"attributes":null,"regex":false},{"id":"4","name":"Resolved","attributeName":null,"referenceType":null,"dependents":null,"attributes":null,"regex":false},{"id":"5","name":"Closed","attributeName":null,"referenceType":null,"dependents":null,"attributes":null,"regex":false}]}],"loginOptions":[],"idFieldName":"id","titleFieldName":"subject","projectFieldName":"Helpdesk","artifactFieldName":"","testStepsFieldName":null,"changedDateFieldName":"updated_at","dateFormat":"yyyy-MM-dd'T'HH:mm:ss'Z'","dateTimeFormat":"yyyy-MM-dd'T'HH:mm:ss'Z'","queryDateFormat":"yyyy-MM-dd'T'HH:mm:ss'Z'","queryDateFormatType":"DATE_TIME_FORMAT","iso8601DateFormat":false,"commentFieldName":null,"commentFieldId":null,"attachmentFieldName":null,"attachmentFieldId":null,"apiVersion":null,"callBackUrlConfigured":false,"callBackUrls":null,"apiProvider":"ExternalApplication","applicationType":null,"urlDescription":"domain_name (i.e.) https://connectall.freshservice.com","userNameDescription":"api_key","passwordDescription":"any_character","paginationSupported":false,"paginationAttributes":null,"status":"Active","active":true,"commentSyncSupported":true,"attachmentSyncSupported":false,"syncModel":"ReadWrite","availableRestOperations":null,"multiProjectSupported":false,"projectLoginRequired":false,"conjunctionOperator":""}